{
    "task_data": {
        "task_name": "accuracy",
        "skip_no_attack": false,
        "task_params": {
            "limit_samples": 1400,
            "top_k": 5
        },
        "exec_multi": false,
        "attack_on_defense": true,
        "plot_results": false,
        "plot_keys": [],
        "plot_together": true,
        "skip_no_defense": false,
        "skip_no_attack_variables": false
    },
    "net_data": {
        "model_name": "resnet50",
        "datasource_name": "imagenet",
        "net_id": "resnet50",
        "datasource_params": {
            "batch_size": 70,
            "round": true
        },
        "model_params": {}
    },
    "attack_data": {
        "attack_name": "carlini_wagner",
        "attack_params": {
            "max_iterations": 400,
            "target_class": "random",
            "random_classes": "586 647 530 544 824 593 9 487 286 494 83 714 765 486 257 548 281 106 990 897 669 604 696 72 650 141 108 748 912 188 598 621 264 54 216 104 372 952 361 363 812 741 156 88 574 115 552 797 443 127 326 366 436 774 483 406 928 815 187 621 722 370 912 643 950 709 773 136 74 723 354 331 657 900 461 345 147 68 643 616 608 28 707 410 224 87 369 426 486 475 187 410 55 208 887 803 860 107 524 898"
        },
        "except_variables": [],
        "on_task_model": true
    },
    "defense_data": null,
    "exec_time": "2h 28m 38s",
    "result": {
        "total": 1400,
        "correct": 0,
        "adversarial": 1043,
        "accuracy": 0.0,
        "avg_confidence": {
            "correct": "-",
            "adversarial": 0.2985678514606772
        },
        "top_5_accuracy": 0.8457142857142858,
        "clean_correct": {
            "total": 1043,
            "adversarial": 1043,
            "accuracy": 0.0
        },
        "clean_avg_norm": {
            "0": 150528,
            "2": 194.40340611049106,
            "inf": 0.9798319135393415
        },
        "adv_avg_norm": {
            "0": 150483.9865771812,
            "2": 0.3810513387590447,
            "inf": 0.01592171815074873
        },
        "adv_disimilarity": {
            "2": 0.0020682085894783986,
            "inf": 0.016242029682901882
        }
    }
}